url,cohort,http_status,final_url,x_robots_tag,canonical,meta_robots,title_len,body_bytes,is_soft_404
https://www.pokeprices.io/set/1999%20Topps%20Movie%20Evolution/card/blastoise-e9,cards-1,200,https://www.pokeprices.io/set/1999%20Topps%20Movie%20Evolution/card/blastoise-e9,,https://www.pokeprices.io/set/1999%20Topps%20Movie%20Evolution/card/blastoise-e9,,69,108643,no
https://www.pokeprices.io/set/1999%20Topps%20Movie%20Evolution/card/blastoise-foil-e9,cards-1,200,https://www.pokeprices.io/set/1999%20Topps%20Movie%20Evolution/card/blastoise-foil-e9,,https://www.pokeprices.io/set/1999%20Topps%20Movie%20Evolution/card/blastoise-foil-e9,,75,105503,no
https://www.pokeprices.io/set/1999%20Topps%20Movie%20Evolution/card/blastoise-rainbow-foil-e9,cards-1,200,https://www.pokeprices.io/set/1999%20Topps%20Movie%20Evolution/card/blastoise-rainbow-foil-e9,,https://www.pokeprices.io/set/1999%20Topps%20Movie%20Evolution/card/blastoise-rainbow-foil-e9,,81,95418,no
https://www.pokeprices.io/set/1999%20Topps%20Movie%20Evolution/card/bulbasaur-e1,cards-1,200,https://www.pokeprices.io/set/1999%20Topps%20Movie%20Evolution/card/bulbasaur-e1,,https://www.pokeprices.io/set/1999%20Topps%20Movie%20Evolution/card/bulbasaur-e1,,67,106377,no
https://www.pokeprices.io/set/1999%20Topps%20Movie%20Evolution/card/bulbasaur-foil-e1,cards-1,200,https://www.pokeprices.io/set/1999%20Topps%20Movie%20Evolution/card/bulbasaur-foil-e1,,https://www.pokeprices.io/set/1999%20Topps%20Movie%20Evolution/card/bulbasaur-foil-e1,,75,104476,no
https://www.pokeprices.io/set/1999%20Topps%20Movie%20Evolution/card/bulbasaur-rainbow-foil-e1,cards-1,200,https://www.pokeprices.io/set/1999%20Topps%20Movie%20Evolution/card/bulbasaur-rainbow-foil-e1,,https://www.pokeprices.io/set/1999%20Topps%20Movie%20Evolution/card/bulbasaur-rainbow-foil-e1,,84,105135,no
https://www.pokeprices.io/set/1999%20Topps%20Movie%20Evolution/card/charizard-e6,cards-1,200,https://www.pokeprices.io/set/1999%20Topps%20Movie%20Evolution/card/charizard-e6,,https://www.pokeprices.io/set/1999%20Topps%20Movie%20Evolution/card/charizard-e6,,69,107400,no
https://www.pokeprices.io/set/1999%20Topps%20Movie%20Evolution/card/charizard-foil-e6,cards-1,200,https://www.pokeprices.io/set/1999%20Topps%20Movie%20Evolution/card/charizard-foil-e6,,https://www.pokeprices.io/set/1999%20Topps%20Movie%20Evolution/card/charizard-foil-e6,,77,107397,no
https://www.pokeprices.io/set/1999%20Topps%20Movie%20Evolution/card/charizard-rainbow-foil-e6,cards-1,200,https://www.pokeprices.io/set/1999%20Topps%20Movie%20Evolution/card/charizard-rainbow-foil-e6,,https://www.pokeprices.io/set/1999%20Topps%20Movie%20Evolution/card/charizard-rainbow-foil-e6,,81,95606,no
https://www.pokeprices.io/set/1999%20Topps%20Movie%20Evolution/card/charmander-e4,cards-1,200,https://www.pokeprices.io/set/1999%20Topps%20Movie%20Evolution/card/charmander-e4,,https://www.pokeprices.io/set/1999%20Topps%20Movie%20Evolution/card/charmander-e4,,68,106760,no
https://www.pokeprices.io/set/1999%20Topps%20Movie%20Evolution/card/charmander-foil-e4,cards-1,200,https://www.pokeprices.io/set/1999%20Topps%20Movie%20Evolution/card/charmander-foil-e4,,https://www.pokeprices.io/set/1999%20Topps%20Movie%20Evolution/card/charmander-foil-e4,,74,93010,no
https://www.pokeprices.io/set/1999%20Topps%20Movie%20Evolution/card/charmander-rainbow-foil-e4,cards-1,200,https://www.pokeprices.io/set/1999%20Topps%20Movie%20Evolution/card/charmander-rainbow-foil-e4,,https://www.pokeprices.io/set/1999%20Topps%20Movie%20Evolution/card/charmander-rainbow-foil-e4,,82,95711,no
https://www.pokeprices.io/set/1999%20Topps%20Movie%20Evolution/card/charmeleon-e5,cards-1,200,https://www.pokeprices.io/set/1999%20Topps%20Movie%20Evolution/card/charmeleon-e5,,https://www.pokeprices.io/set/1999%20Topps%20Movie%20Evolution/card/charmeleon-e5,,69,105919,no
https://www.pokeprices.io/set/1999%20Topps%20Movie%20Evolution/card/charmeleon-die-cut-e5,cards-1,200,https://www.pokeprices.io/set/1999%20Topps%20Movie%20Evolution/card/charmeleon-die-cut-e5,,https://www.pokeprices.io/set/1999%20Topps%20Movie%20Evolution/card/charmeleon-die-cut-e5,,77,90511,no
https://www.pokeprices.io/set/1999%20Topps%20Movie%20Evolution/card/charmeleon-foil-e5,cards-1,200,https://www.pokeprices.io/set/1999%20Topps%20Movie%20Evolution/card/charmeleon-foil-e5,,https://www.pokeprices.io/set/1999%20Topps%20Movie%20Evolution/card/charmeleon-foil-e5,,76,103954,no
https://www.pokeprices.io/set/1999%20Topps%20Movie%20Evolution/card/charmeleon-rainbow-foil-e5,cards-1,200,https://www.pokeprices.io/set/1999%20Topps%20Movie%20Evolution/card/charmeleon-rainbow-foil-e5,,https://www.pokeprices.io/set/1999%20Topps%20Movie%20Evolution/card/charmeleon-rainbow-foil-e5,,82,93887,no
https://www.pokeprices.io/set/1999%20Topps%20Movie%20Evolution/card/dragonair-e11,cards-1,200,https://www.pokeprices.io/set/1999%20Topps%20Movie%20Evolution/card/dragonair-e11,,https://www.pokeprices.io/set/1999%20Topps%20Movie%20Evolution/card/dragonair-e11,,68,105589,no
https://www.pokeprices.io/set/1999%20Topps%20Movie%20Evolution/card/dragonair-foil-e11,cards-1,200,https://www.pokeprices.io/set/1999%20Topps%20Movie%20Evolution/card/dragonair-foil-e11,,https://www.pokeprices.io/set/1999%20Topps%20Movie%20Evolution/card/dragonair-foil-e11,,73,80617,no
https://www.pokeprices.io/set/1999%20Topps%20Movie%20Evolution/card/dragonair-rainbow-foil-e11,cards-1,200,https://www.pokeprices.io/set/1999%20Topps%20Movie%20Evolution/card/dragonair-rainbow-foil-e11,,https://www.pokeprices.io/set/1999%20Topps%20Movie%20Evolution/card/dragonair-rainbow-foil-e11,,85,106916,no
https://www.pokeprices.io/set/1999%20Topps%20Movie%20Evolution/card/dragonite-e12,cards-1,200,https://www.pokeprices.io/set/1999%20Topps%20Movie%20Evolution/card/dragonite-e12,,https://www.pokeprices.io/set/1999%20Topps%20Movie%20Evolution/card/dragonite-e12,,68,107828,no
https://www.pokeprices.io/set/1999%20Topps%20Movie%20Evolution/card/dragonite-foil-e12,cards-1,200,https://www.pokeprices.io/set/1999%20Topps%20Movie%20Evolution/card/dragonite-foil-e12,,https://www.pokeprices.io/set/1999%20Topps%20Movie%20Evolution/card/dragonite-foil-e12,,74,96014,no
https://www.pokeprices.io/set/1999%20Topps%20Movie%20Evolution/card/dragonite-rainbow-foil-e12,cards-1,200,https://www.pokeprices.io/set/1999%20Topps%20Movie%20Evolution/card/dragonite-rainbow-foil-e12,,https://www.pokeprices.io/set/1999%20Topps%20Movie%20Evolution/card/dragonite-rainbow-foil-e12,,85,102842,no
https://www.pokeprices.io/set/1999%20Topps%20Movie%20Evolution/card/dratini-e10,cards-1,200,https://www.pokeprices.io/set/1999%20Topps%20Movie%20Evolution/card/dratini-e10,,https://www.pokeprices.io/set/1999%20Topps%20Movie%20Evolution/card/dratini-e10,,67,106706,no
https://www.pokeprices.io/set/1999%20Topps%20Movie%20Evolution/card/dratini-foil-e10,cards-1,200,https://www.pokeprices.io/set/1999%20Topps%20Movie%20Evolution/card/dratini-foil-e10,,https://www.pokeprices.io/set/1999%20Topps%20Movie%20Evolution/card/dratini-foil-e10,,71,93645,no
https://www.pokeprices.io/set/1999%20Topps%20Movie%20Evolution/card/dratini-rainbow-foil-e10,cards-1,200,https://www.pokeprices.io/set/1999%20Topps%20Movie%20Evolution/card/dratini-rainbow-foil-e10,,https://www.pokeprices.io/set/1999%20Topps%20Movie%20Evolution/card/dratini-rainbow-foil-e10,,104,108291,no
https://www.pokeprices.io/set/1999%20Topps%20Movie%20Evolution/card/ivysaur-e2,cards-1,200,https://www.pokeprices.io/set/1999%20Topps%20Movie%20Evolution/card/ivysaur-e2,,https://www.pokeprices.io/set/1999%20Topps%20Movie%20Evolution/card/ivysaur-e2,,65,88929,no
https://www.pokeprices.io/set/1999%20Topps%20Movie%20Evolution/card/ivysaur-foil-e2,cards-1,200,https://www.pokeprices.io/set/1999%20Topps%20Movie%20Evolution/card/ivysaur-foil-e2,,https://www.pokeprices.io/set/1999%20Topps%20Movie%20Evolution/card/ivysaur-foil-e2,,70,94985,no
https://www.pokeprices.io/set/1999%20Topps%20Movie%20Evolution/card/ivysaur-rainbow-foil-e2,cards-1,200,https://www.pokeprices.io/set/1999%20Topps%20Movie%20Evolution/card/ivysaur-rainbow-foil-e2,,https://www.pokeprices.io/set/1999%20Topps%20Movie%20Evolution/card/ivysaur-rainbow-foil-e2,,79,94486,no
https://www.pokeprices.io/set/1999%20Topps%20Movie%20Evolution/card/squirtle-e7,cards-1,200,https://www.pokeprices.io/set/1999%20Topps%20Movie%20Evolution/card/squirtle-e7,,https://www.pokeprices.io/set/1999%20Topps%20Movie%20Evolution/card/squirtle-e7,,67,105973,no
https://www.pokeprices.io/set/1999%20Topps%20Movie%20Evolution/card/squirtle-foil-e7,cards-1,200,https://www.pokeprices.io/set/1999%20Topps%20Movie%20Evolution/card/squirtle-foil-e7,,https://www.pokeprices.io/set/1999%20Topps%20Movie%20Evolution/card/squirtle-foil-e7,,73,104664,no
https://www.pokeprices.io/set/Japanese%20Gaia%20Volcano/card/teammates-1st-edition-77,cards-5,200,https://www.pokeprices.io/set/Japanese%20Gaia%20Volcano/card/teammates-1st-edition-77,,https://www.pokeprices.io/set/Japanese%20Gaia%20Volcano/card/teammates-1st-edition-77,,103,89683,no
https://www.pokeprices.io/set/Japanese%20Gaia%20Volcano/card/torchic-17,cards-5,200,https://www.pokeprices.io/set/Japanese%20Gaia%20Volcano/card/torchic-17,,https://www.pokeprices.io/set/Japanese%20Gaia%20Volcano/card/torchic-17,,77,89502,no
https://www.pokeprices.io/set/Japanese%20Gaia%20Volcano/card/torchic-18,cards-5,200,https://www.pokeprices.io/set/Japanese%20Gaia%20Volcano/card/torchic-18,,https://www.pokeprices.io/set/Japanese%20Gaia%20Volcano/card/torchic-18,,78,90324,no
https://www.pokeprices.io/set/Japanese%20Gaia%20Volcano/card/torchic-1st-edition-17,cards-5,200,https://www.pokeprices.io/set/Japanese%20Gaia%20Volcano/card/torchic-1st-edition-17,,https://www.pokeprices.io/set/Japanese%20Gaia%20Volcano/card/torchic-1st-edition-17,,91,89926,no
https://www.pokeprices.io/set/Japanese%20Gaia%20Volcano/card/torchic-1st-edition-18,cards-5,200,https://www.pokeprices.io/set/Japanese%20Gaia%20Volcano/card/torchic-1st-edition-18,,https://www.pokeprices.io/set/Japanese%20Gaia%20Volcano/card/torchic-1st-edition-18,,91,90762,no
https://www.pokeprices.io/set/Japanese%20Gaia%20Volcano/card/trapinch-37,cards-5,200,https://www.pokeprices.io/set/Japanese%20Gaia%20Volcano/card/trapinch-37,,https://www.pokeprices.io/set/Japanese%20Gaia%20Volcano/card/trapinch-37,,77,89206,no
https://www.pokeprices.io/set/Japanese%20Gaia%20Volcano/card/trapinch-1st-edition-37,cards-5,200,https://www.pokeprices.io/set/Japanese%20Gaia%20Volcano/card/trapinch-1st-edition-37,,https://www.pokeprices.io/set/Japanese%20Gaia%20Volcano/card/trapinch-1st-edition-37,,75,78906,no
https://www.pokeprices.io/set/Japanese%20Gaia%20Volcano/card/treecko-3,cards-5,200,https://www.pokeprices.io/set/Japanese%20Gaia%20Volcano/card/treecko-3,,https://www.pokeprices.io/set/Japanese%20Gaia%20Volcano/card/treecko-3,,76,89114,no
https://www.pokeprices.io/set/Japanese%20Gaia%20Volcano/card/treecko-1st-edition-3,cards-5,200,https://www.pokeprices.io/set/Japanese%20Gaia%20Volcano/card/treecko-1st-edition-3,,https://www.pokeprices.io/set/Japanese%20Gaia%20Volcano/card/treecko-1st-edition-3,,89,89863,no
https://www.pokeprices.io/set/Japanese%20Gaia%20Volcano/card/trevenant-ex-11,cards-5,200,https://www.pokeprices.io/set/Japanese%20Gaia%20Volcano/card/trevenant-ex-11,,https://www.pokeprices.io/set/Japanese%20Gaia%20Volcano/card/trevenant-ex-11,,81,89335,no
https://www.pokeprices.io/set/Japanese%20Gaia%20Volcano/card/trevenant-ex-71,cards-5,200,https://www.pokeprices.io/set/Japanese%20Gaia%20Volcano/card/trevenant-ex-71,,https://www.pokeprices.io/set/Japanese%20Gaia%20Volcano/card/trevenant-ex-71,,83,89788,no
https://www.pokeprices.io/set/Japanese%20Gaia%20Volcano/card/trevenant-ex-1st-edition-11,cards-5,200,https://www.pokeprices.io/set/Japanese%20Gaia%20Volcano/card/trevenant-ex-1st-edition-11,,https://www.pokeprices.io/set/Japanese%20Gaia%20Volcano/card/trevenant-ex-1st-edition-11,,95,90195,no
https://www.pokeprices.io/set/Japanese%20Gaia%20Volcano/card/trevenant-ex-1st-edition-71,cards-5,200,https://www.pokeprices.io/set/Japanese%20Gaia%20Volcano/card/trevenant-ex-1st-edition-71,,https://www.pokeprices.io/set/Japanese%20Gaia%20Volcano/card/trevenant-ex-1st-edition-71,,97,90233,no
https://www.pokeprices.io/set/Japanese%20Gaia%20Volcano/card/vibrava-53,cards-5,200,https://www.pokeprices.io/set/Japanese%20Gaia%20Volcano/card/vibrava-53,,https://www.pokeprices.io/set/Japanese%20Gaia%20Volcano/card/vibrava-53,,76,89123,no
https://www.pokeprices.io/set/Japanese%20Gaia%20Volcano/card/vibrava-1st-edition-53,cards-5,200,https://www.pokeprices.io/set/Japanese%20Gaia%20Volcano/card/vibrava-1st-edition-53,,https://www.pokeprices.io/set/Japanese%20Gaia%20Volcano/card/vibrava-1st-edition-53,,74,78856,no
https://www.pokeprices.io/set/Japanese%20Gaia%20Volcano/card/volbeat-9,cards-5,200,https://www.pokeprices.io/set/Japanese%20Gaia%20Volcano/card/volbeat-9,,https://www.pokeprices.io/set/Japanese%20Gaia%20Volcano/card/volbeat-9,,75,89856,no
https://www.pokeprices.io/set/Japanese%20Gaia%20Volcano/card/volbeat-1st-edition-9,cards-5,200,https://www.pokeprices.io/set/Japanese%20Gaia%20Volcano/card/volbeat-1st-edition-9,,https://www.pokeprices.io/set/Japanese%20Gaia%20Volcano/card/volbeat-1st-edition-9,,90,89865,no
https://www.pokeprices.io/set/Japanese%20Gaia%20Volcano/card/vulpix-12,cards-5,200,https://www.pokeprices.io/set/Japanese%20Gaia%20Volcano/card/vulpix-12,,https://www.pokeprices.io/set/Japanese%20Gaia%20Volcano/card/vulpix-12,,75,89427,no
https://www.pokeprices.io/set/Japanese%20Gaia%20Volcano/card/vulpix-1st-edition-12,cards-5,200,https://www.pokeprices.io/set/Japanese%20Gaia%20Volcano/card/vulpix-1st-edition-12,,https://www.pokeprices.io/set/Japanese%20Gaia%20Volcano/card/vulpix-1st-edition-12,,89,91110,no
https://www.pokeprices.io/set/Japanese%20Gaia%20Volcano/card/weakness-policy-63,cards-5,200,https://www.pokeprices.io/set/Japanese%20Gaia%20Volcano/card/weakness-policy-63,,https://www.pokeprices.io/set/Japanese%20Gaia%20Volcano/card/weakness-policy-63,,68,78281,no
https://www.pokeprices.io/set/Japanese%20Gaia%20Volcano/card/weakness-policy-80,cards-5,200,https://www.pokeprices.io/set/Japanese%20Gaia%20Volcano/card/weakness-policy-80,,https://www.pokeprices.io/set/Japanese%20Gaia%20Volcano/card/weakness-policy-80,,93,89577,no
https://www.pokeprices.io/set/Japanese%20Gaia%20Volcano/card/weakness-policy-1st-edition-80,cards-5,200,https://www.pokeprices.io/set/Japanese%20Gaia%20Volcano/card/weakness-policy-1st-edition-80,,https://www.pokeprices.io/set/Japanese%20Gaia%20Volcano/card/weakness-policy-1st-edition-80,,109,89285,no
https://www.pokeprices.io/set/Japanese%20Gaia%20Volcano/card/zigzagoon-55,cards-5,200,https://www.pokeprices.io/set/Japanese%20Gaia%20Volcano/card/zigzagoon-55,,https://www.pokeprices.io/set/Japanese%20Gaia%20Volcano/card/zigzagoon-55,,78,89267,no
https://www.pokeprices.io/set/Japanese%20Gaia%20Volcano/card/zigzagoon-1st-edition-55,cards-5,200,https://www.pokeprices.io/set/Japanese%20Gaia%20Volcano/card/zigzagoon-1st-edition-55,,https://www.pokeprices.io/set/Japanese%20Gaia%20Volcano/card/zigzagoon-1st-edition-55,,76,78956,no
https://www.pokeprices.io/set/Japanese%20Glory%20of%20Team%20Rocket/card/abomasnow-27,cards-5,200,https://www.pokeprices.io/set/Japanese%20Glory%20of%20Team%20Rocket/card/abomasnow-27,,https://www.pokeprices.io/set/Japanese%20Glory%20of%20Team%20Rocket/card/abomasnow-27,,70,79479,no
https://www.pokeprices.io/set/Japanese%20Glory%20of%20Team%20Rocket/card/annihilape-47,cards-5,200,https://www.pokeprices.io/set/Japanese%20Glory%20of%20Team%20Rocket/card/annihilape-47,,https://www.pokeprices.io/set/Japanese%20Glory%20of%20Team%20Rocket/card/annihilape-47,,79,90540,no
https://www.pokeprices.io/set/Japanese%20Glory%20of%20Team%20Rocket/card/arboliva-ex-111,cards-5,200,https://www.pokeprices.io/set/Japanese%20Glory%20of%20Team%20Rocket/card/arboliva-ex-111,,https://www.pokeprices.io/set/Japanese%20Glory%20of%20Team%20Rocket/card/arboliva-ex-111,,81,91106,no
https://www.pokeprices.io/set/Japanese%20Glory%20of%20Team%20Rocket/card/arboliva-ex-12,cards-5,200,https://www.pokeprices.io/set/Japanese%20Glory%20of%20Team%20Rocket/card/arboliva-ex-12,,https://www.pokeprices.io/set/Japanese%20Glory%20of%20Team%20Rocket/card/arboliva-ex-12,,80,91052,no
https://www.pokeprices.io/set/Japanese%20Glory%20of%20Team%20Rocket/card/arcanine-14,cards-5,200,https://www.pokeprices.io/set/Japanese%20Glory%20of%20Team%20Rocket/card/arcanine-14,,https://www.pokeprices.io/set/Japanese%20Glory%20of%20Team%20Rocket/card/arcanine-14,,77,90434,no
https://www.pokeprices.io/set/Japanese%20Glory%20of%20Team%20Rocket/card/arrokuda-29,cards-5,200,https://www.pokeprices.io/set/Japanese%20Glory%20of%20Team%20Rocket/card/arrokuda-29,,https://www.pokeprices.io/set/Japanese%20Glory%20of%20Team%20Rocket/card/arrokuda-29,,77,89584,no
https://www.pokeprices.io/pokemon/pikachu,pokemon,200,https://www.pokeprices.io/pokemon/pikachu,,https://www.pokeprices.io/pokemon/pikachu,index; follow,76,1679980,no
https://www.pokeprices.io/pokemon/charizard,pokemon,200,https://www.pokeprices.io/pokemon/charizard,,https://www.pokeprices.io/pokemon/charizard,index; follow,78,1376516,no
https://www.pokeprices.io/pokemon/mewtwo,pokemon,200,https://www.pokeprices.io/pokemon/mewtwo,,https://www.pokeprices.io/pokemon/mewtwo,index; follow,75,1277910,no
https://www.pokeprices.io/pokemon/eevee,pokemon,200,https://www.pokeprices.io/pokemon/eevee,,https://www.pokeprices.io/pokemon/eevee,index; follow,74,1054039,no
https://www.pokeprices.io/pokemon/unown,pokemon,200,https://www.pokeprices.io/pokemon/unown,,https://www.pokeprices.io/pokemon/unown,index; follow,74,759219,no
https://www.pokeprices.io/pokemon/raichu,pokemon,200,https://www.pokeprices.io/pokemon/raichu,,https://www.pokeprices.io/pokemon/raichu,index; follow,75,1050815,no
https://www.pokeprices.io/pokemon/snorlax,pokemon,200,https://www.pokeprices.io/pokemon/snorlax,,https://www.pokeprices.io/pokemon/snorlax,index; follow,76,1139271,no
https://www.pokeprices.io/pokemon/meowth,pokemon,200,https://www.pokeprices.io/pokemon/meowth,,https://www.pokeprices.io/pokemon/meowth,index; follow,75,1016857,no
https://www.pokeprices.io/pokemon/gyarados,pokemon,200,https://www.pokeprices.io/pokemon/gyarados,,https://www.pokeprices.io/pokemon/gyarados,index; follow,77,1023801,no
https://www.pokeprices.io/pokemon/gengar,pokemon,200,https://www.pokeprices.io/pokemon/gengar,,https://www.pokeprices.io/pokemon/gengar,index; follow,75,1045068,no
https://www.pokeprices.io/pokemon/dragonite,pokemon,200,https://www.pokeprices.io/pokemon/dragonite,,https://www.pokeprices.io/pokemon/dragonite,index; follow,78,1107032,no
https://www.pokeprices.io/pokemon/charmander,pokemon,200,https://www.pokeprices.io/pokemon/charmander,,https://www.pokeprices.io/pokemon/charmander,index; follow,66,963412,no
https://www.pokeprices.io/pokemon/vulpix,pokemon,200,https://www.pokeprices.io/pokemon/vulpix,,https://www.pokeprices.io/pokemon/vulpix,index; follow,75,950046,no
https://www.pokeprices.io/pokemon/blastoise,pokemon,200,https://www.pokeprices.io/pokemon/blastoise,,https://www.pokeprices.io/pokemon/blastoise,index; follow,78,997501,no
https://www.pokeprices.io/pokemon/rotom,pokemon,200,https://www.pokeprices.io/pokemon/rotom,,https://www.pokeprices.io/pokemon/rotom,index; follow,74,783581,no
https://www.pokeprices.io/set/1999%20Topps%20Movie,set,200,https://www.pokeprices.io/set/1999%20Topps%20Movie,,https://www.pokeprices.io/set/1999%20Topps%20Movie,index; follow,55,49379,no
https://www.pokeprices.io/set/1999%20Topps%20Movie%20Evolution,set,200,https://www.pokeprices.io/set/1999%20Topps%20Movie%20Evolution,,https://www.pokeprices.io/set/1999%20Topps%20Movie%20Evolution,index; follow,65,49801,no
https://www.pokeprices.io/set/1999%20Topps%20TV,set,200,https://www.pokeprices.io/set/1999%20Topps%20TV,,https://www.pokeprices.io/set/1999%20Topps%20TV,index; follow,78,49418,no
https://www.pokeprices.io/set/2000%20Topps%20Chrome,set,200,https://www.pokeprices.io/set/2000%20Topps%20Chrome,,https://www.pokeprices.io/set/2000%20Topps%20Chrome,index; follow,56,49419,no
https://www.pokeprices.io/set/2000%20Topps%20TV,set,200,https://www.pokeprices.io/set/2000%20Topps%20TV,,https://www.pokeprices.io/set/2000%20Topps%20TV,index; follow,78,49418,no
https://www.pokeprices.io/set/2020%20Battle%20Academy,set,200,https://www.pokeprices.io/set/2020%20Battle%20Academy,,https://www.pokeprices.io/set/2020%20Battle%20Academy,index; follow,58,49499,no
https://www.pokeprices.io/set/30th%20Celebration,set,200,https://www.pokeprices.io/set/30th%20Celebration,,https://www.pokeprices.io/set/30th%20Celebration,index; follow,55,50084,no
https://www.pokeprices.io/set/Ancient%20Origins,set,200,https://www.pokeprices.io/set/Ancient%20Origins,,https://www.pokeprices.io/set/Ancient%20Origins,index; follow,80,50171,no
https://www.pokeprices.io/set/Aquapolis,set,200,https://www.pokeprices.io/set/Aquapolis,,https://www.pokeprices.io/set/Aquapolis,index; follow,74,49876,no
https://www.pokeprices.io/set/Arceus,set,200,https://www.pokeprices.io/set/Arceus,,https://www.pokeprices.io/set/Arceus,index; follow,71,49750,no
https://www.pokeprices.io/insights/how-to-play-the-pokemon-tcg-a-complete-beginner-s-guide,insight,200,https://www.pokeprices.io/insights/how-to-play-the-pokemon-tcg-a-complete-beginner-s-guide,,https://www.pokeprices.io/insights/how-to-play-the-pokemon-tcg-a-complete-beginner-s-guide,index; follow,47,65725,no
https://www.pokeprices.io/insights/scarlet-and-violet-prismatic-evolutions-complete-set-guide,insight,200,https://www.pokeprices.io/insights/scarlet-and-violet-prismatic-evolutions-complete-set-guide,,https://www.pokeprices.io/insights/scarlet-and-violet-prismatic-evolutions-complete-set-guide,index; follow,67,70575,no
https://www.pokeprices.io/insights/pikachu-cards-a-complete-history-from-1996-to-today,insight,200,https://www.pokeprices.io/insights/pikachu-cards-a-complete-history-from-1996-to-today,,https://www.pokeprices.io/insights/pikachu-cards-a-complete-history-from-1996-to-today,index; follow,66,61989,no
https://www.pokeprices.io/insights/pokemon-tcg-30th-celebration-everything-we-know-so-far,insight,200,https://www.pokeprices.io/insights/pokemon-tcg-30th-celebration-everything-we-know-so-far,,https://www.pokeprices.io/insights/pokemon-tcg-30th-celebration-everything-we-know-so-far,index; follow,61,60518,no
https://www.pokeprices.io/insights/may-2026-pokemon-card-market-trends,insight,200,https://www.pokeprices.io/insights/may-2026-pokemon-card-market-trends,,https://www.pokeprices.io/insights/may-2026-pokemon-card-market-trends,index; follow,49,77889,no
https://www.pokeprices.io/insights/why-pokeprices-is-growing-so-quickly,insight,200,https://www.pokeprices.io/insights/why-pokeprices-is-growing-so-quickly,,https://www.pokeprices.io/insights/why-pokeprices-is-growing-so-quickly,index; follow,52,59797,no
https://www.pokeprices.io/insights/what-pok-mon-tcg-collectors-are-really-searching-for-right-now,insight,200,https://www.pokeprices.io/insights/what-pok-mon-tcg-collectors-are-really-searching-for-right-now,,https://www.pokeprices.io/insights/what-pok-mon-tcg-collectors-are-really-searching-for-right-now,index; follow,56,58278,no
https://www.pokeprices.io/insights/is-it-worth-grading-pokemon-cards-2026,insight,200,https://www.pokeprices.io/insights/is-it-worth-grading-pokemon-cards-2026,,https://www.pokeprices.io/insights/is-it-worth-grading-pokemon-cards-2026,index; follow,61,64403,no
https://www.pokeprices.io/insights/psa-8-9-pokemon-cards-market-trend,insight,200,https://www.pokeprices.io/insights/psa-8-9-pokemon-cards-market-trend,,https://www.pokeprices.io/insights/psa-8-9-pokemon-cards-market-trend,index; follow,57,59006,no
https://www.pokeprices.io/insights/pokemon-communities-driving-the-market,insight,200,https://www.pokeprices.io/insights/pokemon-communities-driving-the-market,,https://www.pokeprices.io/insights/pokemon-communities-driving-the-market,index; follow,48,50878,no
https://www.pokeprices.io/insights/psa-9-vs-psa-10-pokemon-cards,insight,200,https://www.pokeprices.io/insights/psa-9-vs-psa-10-pokemon-cards,,https://www.pokeprices.io/insights/psa-9-vs-psa-10-pokemon-cards,index; follow,47,58461,no
https://www.pokeprices.io/insights/should-you-grade-your-pok-mon-cards-a-clear-guide-to-psa-bgs-cgc-and-ace,insight,200,https://www.pokeprices.io/insights/should-you-grade-your-pok-mon-cards-a-clear-guide-to-psa-bgs-cgc-and-ace,,https://www.pokeprices.io/insights/should-you-grade-your-pok-mon-cards-a-clear-guide-to-psa-bgs-cgc-and-ace,index; follow,52,62291,no
https://www.pokeprices.io/card-shows/ca/van-city-card-show-vancouver-2026-10,card-show,200,https://www.pokeprices.io/card-shows/ca/van-city-card-show-vancouver-2026-10,,https://www.pokeprices.io/card-shows/ca/van-city-card-show-vancouver-2026-10,index; follow,79,63020,no
https://www.pokeprices.io/card-shows/us/trading-card-con-san-diego-2026-10,card-show,200,https://www.pokeprices.io/card-shows/us/trading-card-con-san-diego-2026-10,,https://www.pokeprices.io/card-shows/us/trading-card-con-san-diego-2026-10,index; follow,86,71028,no
https://www.pokeprices.io/card-shows/us/front-row-card-show-portland-2026-10,card-show,200,https://www.pokeprices.io/card-shows/us/front-row-card-show-portland-2026-10,,https://www.pokeprices.io/card-shows/us/front-row-card-show-portland-2026-10,index; follow,92,69590,no
https://www.pokeprices.io/card-shows/uk/tap-and-play-card-show-2026-10,card-show,200,https://www.pokeprices.io/card-shows/uk/tap-and-play-card-show-2026-10,,https://www.pokeprices.io/card-shows/uk/tap-and-play-card-show-2026-10,index; follow,76,68585,no
https://www.pokeprices.io/card-shows/us/trading-card-con-nashville-2026-10,card-show,200,https://www.pokeprices.io/card-shows/us/trading-card-con-nashville-2026-10,,https://www.pokeprices.io/card-shows/us/trading-card-con-nashville-2026-10,index; follow,86,71350,no
https://www.pokeprices.io/browse,page,200,https://www.pokeprices.io/browse,,https://www.pokeprices.io/browse,index; follow,71,36979,no
https://www.pokeprices.io/cards/search,page,200,https://www.pokeprices.io/cards/search,,https://www.pokeprices.io/cards/search,index; follow,74,38122,no
https://www.pokeprices.io/pokemon,page,200,https://www.pokeprices.io/pokemon,,https://www.pokeprices.io/pokemon,index; follow,68,49703,no
https://www.pokeprices.io/insights,page,200,https://www.pokeprices.io/insights,,https://www.pokeprices.io/insights,index; follow,63,45817,no
https://www.pokeprices.io/tools,page,200,https://www.pokeprices.io/tools,,https://www.pokeprices.io/tools,index; follow,46,54235,no
https://www.pokeprices.io/ai-assistant,page,200,https://www.pokeprices.io/ai-assistant,,https://www.pokeprices.io/ai-assistant,index; follow,58,43783,no
https://www.pokeprices.io/dealer,page,200,https://www.pokeprices.io/dealer,,https://www.pokeprices.io/dealer,index; follow,81,51588,no
https://www.pokeprices.io/studio,page,200,https://www.pokeprices.io/studio,,https://www.pokeprices.io/studio,index; follow,68,57509,no
https://www.pokeprices.io/visualisations,page,200,https://www.pokeprices.io/visualisations,,https://www.pokeprices.io/visualisations,index; follow,47,61182,no
https://www.pokeprices.io/visualisations/heatmap,page,200,https://www.pokeprices.io/visualisations/heatmap,,https://www.pokeprices.io/visualisations/heatmap,index; follow,66,39454,no
https://www.pokeprices.io/visualisations/risers-fallers,page,200,https://www.pokeprices.io/visualisations/risers-fallers,,https://www.pokeprices.io/visualisations/risers-fallers,index; follow,81,45882,no
https://www.pokeprices.io/visualisations/set-price-index,page,200,https://www.pokeprices.io/visualisations/set-price-index,,https://www.pokeprices.io/visualisations/set-price-index,index; follow,76,42734,no
https://www.pokeprices.io/games,page,200,https://www.pokeprices.io/games,,https://www.pokeprices.io/games,index; follow,49,53069,no
https://www.pokeprices.io/games/daily-pick,page,200,https://www.pokeprices.io/games/daily-pick,,https://www.pokeprices.io/games/daily-pick,index; follow,36,38625,no
https://www.pokeprices.io/games/guess-price,page,200,https://www.pokeprices.io/games/guess-price,,https://www.pokeprices.io/games/guess-price,index; follow,56,38713,no
https://www.pokeprices.io/games/higher-lower,page,200,https://www.pokeprices.io/games/higher-lower,,https://www.pokeprices.io/games/higher-lower,index; follow,64,38765,no
https://www.pokeprices.io/creators,page,200,https://www.pokeprices.io/creators,,https://www.pokeprices.io/creators,index; follow,58,86939,no
https://www.pokeprices.io/vendors,page,200,https://www.pokeprices.io/vendors,,https://www.pokeprices.io/vendors,index; follow,80,46134,no
https://www.pokeprices.io/card-shows,page,200,https://www.pokeprices.io/card-shows,,https://www.pokeprices.io/card-shows,index; follow,80,65981,no
https://www.pokeprices.io/card-shows/uk,page,200,https://www.pokeprices.io/card-shows/uk,,https://www.pokeprices.io/card-shows/uk,index; follow,78,99877,no
https://www.pokeprices.io/card-shows/us,page,200,https://www.pokeprices.io/card-shows/us,,https://www.pokeprices.io/card-shows/us,index; follow,79,109070,no
https://www.pokeprices.io/card-shows/ca,page,200,https://www.pokeprices.io/card-shows/ca,,https://www.pokeprices.io/card-shows/ca,index; follow,82,64491,no
https://www.pokeprices.io/card-shows/au,page,200,https://www.pokeprices.io/card-shows/au,,https://www.pokeprices.io/card-shows/au,index; follow,85,56373,no
https://www.pokeprices.io/card-shows/nz,page,200,https://www.pokeprices.io/card-shows/nz,,https://www.pokeprices.io/card-shows/nz,index; follow,87,43180,no
https://www.pokeprices.io/roadmap,page,200,https://www.pokeprices.io/roadmap,,https://www.pokeprices.io/roadmap,index; follow,37,190998,no
https://www.pokeprices.io/contact,page,200,https://www.pokeprices.io/contact,,https://www.pokeprices.io/contact,index; follow,22,41726,no
https://www.pokeprices.io/privacy,page,200,https://www.pokeprices.io/privacy,,https://www.pokeprices.io/privacy,index; follow,29,72423,no
https://www.pokeprices.io/terms,page,200,https://www.pokeprices.io/terms,,https://www.pokeprices.io/terms,index; follow,31,63471,no
