page_family,route_pattern,db_source,expected_indexable,sitemap_urls,sampled_ok,sampled_redirect,sampled_404,sampled_soft404,sampled_noindex,sampled_wrong_canonical,notes
static_pages,various,hardcoded in sitemap-pages route,29,29,28,0,0,0,0,0,All 28 sampled returned 200; canonicals matched; emit "index; follow"
sets,/set/[slug],set_metadata,288,288,10,0,0,0,0,0,All 10 sampled returned 200; canonicals matched; emit "index; follow"
pokemon,/pokemon/[slug],pokemon_species with total_cards>0 (all 1025 pass),1025,1025,15,0,0,0,0,0,All 15 sampled returned 200; ~1MB rich pages; internal links present (~630/page)
cards_early,/set/[slug]/card/[cardSlug] (shards 1-3 = ids 0-30k),cards with 7d price signal,~30000,29644,30,0,0,0,0,0,All 30 sampled returned 200; canonicals matched; body ~90-108KB (real content)
cards_mid,/set/[slug]/card/[cardSlug] (shard 4 = ids 30k-50k),cards with 7d price signal,~20000,19459,0,0,0,0,0,0,Not sampled; same code path as cards-1/2/3
cards_recent,/set/[slug]/card/[cardSlug] (shard 5 = ids 50k-100k Japanese cohort),cards with 7d price signal,~14000,14024,30,0,0,0,0,0,All 30 sampled returned 200; canonicals matched; body ~78-91KB
insights,/insights/[slug],insights (status='published'),12,12,12,0,0,0,0,0,All 12 sampled (full set); ~50-77KB; emit "index; follow"
card_shows,/card-shows/[country]/[slug],in-memory data/cardShows.ts filtered upcoming!=cancelled,32,32,5,0,0,0,0,0,All 5 sampled returned 200; canonicals matched
creators,/creators/[slug],creators (status='approved'),10,0,0,0,0,0,0,0,NOT IN SITEMAP — 10 approved rows never reach Bing
vendors,/vendors/[slug],vendors (active=true),11,0,0,0,0,0,0,0,NOT IN SITEMAP — 11 active rows never reach Bing
TOTALS,,,64530,64505,130,0,0,0,0,0,Sitemap denominator matches WMT-accepted count (64276) within noise; 25 creators+vendors missing
